osmid,x,y,ref,highway
42429338,-73.9539755,40.7788301,,traffic_signals
42429340,-73.9517388,40.777887,,traffic_signals
42429342,-73.9493698,40.776888,,traffic_signals
42436549,-73.9503368,40.7798089,,traffic_signals
42443040,-73.951248,40.778551,,traffic_signals
42443042,-73.9507943,40.7791759,,traffic_signals
42445740,-73.953034,40.7801202,,traffic_signals
42445748,-73.9484255,40.7781772,,traffic_signals
42450030,-73.9534887,40.7794971,,traffic_signals
