osmid,x,y,ref,highway
42469369,-73.958578,40.690546,,
42469370,-73.958993,40.692628,,
42469374,-73.959311,40.694215,,
42492110,-73.957087,40.694471,,
42492114,-73.956773,40.692884,,
42492119,-73.956356,40.6908,,
42492315,-73.959844,40.69253,,
42492316,-73.957681,40.692779,,
42492320,-73.955826,40.692993,,
42494544,-73.959428,40.690448,,
42517044,-73.957997,40.694366,,
42517047,-73.956143,40.694579,,traffic_signals
42520242,-73.95541,40.690908,,
42521443,-73.957272,40.690694,,
