osmid,x,y,ref,highway
42826053,-73.929856,40.767327,,traffic_signals
42826064,-73.9316965,40.7652267,,traffic_signals
42843340,-73.9320329,40.7682531,,
42843342,-73.9324685,40.7677176,,
42843345,-73.9329043,40.767182,,
42898031,-73.934229,40.767855,,
2693557987,-73.930386,40.766666,,traffic_signals
2693557993,-73.9309038,40.7660724,,traffic_signals
