osmid,x,y,ref,highway
42466947,-73.9371981,40.6937516,,
42466950,-73.9370525,40.6930206,,
42466957,-73.9369065,40.6922878,,
42466959,-73.9367607,40.6915557,,
42477907,-73.9430891,40.6938242,,
42499167,-73.9429443,40.6930918,,
42499172,-73.9427993,40.6923589,,
42499174,-73.9426542,40.6916249,,
42516245,-73.9401209,40.6934157,,
42516250,-73.9399746,40.6926826,,
42516255,-73.9398284,40.6919497,,
