osmid,x,y,ref,highway
49507728,-76.5970192,39.2891037,,traffic_signals
49515008,-76.5954874,39.2875369,,
49535216,-76.5969021,39.2874733,,
998949671,-76.5956118,39.2891652,,
