osmid,x,y,ref,highway
42807796,-73.9077915,40.7605378,,
42833494,-73.9101898,40.7616439,,traffic_signals
42860063,-73.9085969,40.7608999,,
42874065,-73.9147791,40.763799,,
42874069,-73.9141899,40.7635239,,traffic_signals
42874072,-73.9133913,40.7631512,,traffic_signals
42874074,-73.9125902,40.7627774,,traffic_signals
42874076,-73.9117934,40.7624055,,traffic_signals
42874078,-73.9109909,40.7620219,,traffic_signals
42874083,-73.9093943,40.7612689,,
