osmid,x,y,ref,highway
42432985,-73.941368,40.830891,,traffic_signals
42432990,-73.9408792,40.8323747,,traffic_signals
42432992,-73.940653,40.833098,,traffic_signals
42432994,-73.94036,40.833786,,traffic_signals
42433339,-73.9424802,40.8322331,,traffic_signals
42438255,-73.939155,40.833278,,
42439711,-73.939676,40.832685,,
42442656,-73.9420072,40.8328806,,traffic_signals
42442659,-73.9415672,40.8334829,,traffic_signals
42456979,-73.9404015,40.8321814,,
