osmid,x,y,ref,highway
42731002,-73.904934,40.862749,,traffic_signals
42742756,-73.910208,40.858289,,
42742762,-73.9108934,40.8587794,,
42742765,-73.9132597,40.8596194,,
42743103,-73.9109461,40.860633,,
42747812,-73.9086107,40.8600087,,
42747815,-73.9098591,40.8600997,,
1764776464,-73.9084662,40.8627971,,
1891639900,-73.9094504,40.8603119,,
2327325360,-73.9075518,40.8628124,,traffic_signals
