osmid,x,y,ref,highway
42731631,-73.9180911,40.8300359,,
42731634,-73.917446,40.83113,,
42731640,-73.916752,40.832322,,
42735836,-73.9164016,40.8293111,,
42735842,-73.915699,40.830536,,
42735846,-73.9150066,40.8317283,,
42735849,-73.914079,40.833286,,
42747574,-73.915892,40.832026,,
42755570,-73.9172722,40.8296749,,
42755574,-73.916591,40.830839,,
42755581,-73.9149802,40.8335883,,
