osmid,x,y,ref,highway
42733371,-73.8908789,40.8257283,,
42746544,-73.890663,40.825307,,traffic_signals
42746551,-73.890905,40.826788,,
42756259,-73.893898,40.823984,,
42756262,-73.893868,40.826515,,
42759015,-73.888806,40.826257,,
42759512,-73.892933,40.826787,,
42759515,-73.891913,40.826794,,
42759521,-73.887895,40.826743,,
42760321,-73.892947,40.82414,,
42760322,-73.89193,40.824656,,
42760328,-73.889711,40.8258,,
42760481,-73.8932,40.824008,,
