osmid,x,y,ref,highway
42732974,-73.900845,40.821542,,
42739755,-73.905732,40.823337,,
42739761,-73.90314,40.822715,,
42739766,-73.901988,40.82244,,
42739770,-73.900612,40.822109,,
42741030,-73.901292,40.820475,,
42748204,-73.906457,40.821715,,
42748206,-73.905659,40.821557,,
42748211,-73.904897,40.821371,,
42748216,-73.903793,40.821091,,
42748220,-73.902668,40.820803,,
42763822,-73.902331,40.824666,,
42765287,-73.901176,40.824389,,
