osmid,x,y,ref,highway
42424679,-73.959539,40.820283,,
42425242,-73.9596517,40.8203291,,
42428880,-73.9561599,40.8188645,,
42439042,-73.9575495,40.8211505,,traffic_signals
561035348,-73.9554946,40.819405,,
587861515,-73.9578045,40.8203246,,
595320307,-73.9584609,40.8206097,,
