osmid,x,y,ref,highway
42785847,-73.839247,40.692339,,
42858015,-73.835982,40.694416,,
42862883,-73.836925,40.694142,,
42863158,-73.839415,40.69275,,
42863160,-73.838385,40.693048,,
42863165,-73.837507,40.693298,,
42867939,-73.8383885,40.6910389,,
42915432,-73.838977,40.691687,,
2809909108,-73.8387339,40.6911076,,
2809909110,-73.8375839,40.6914352,,
2809909111,-73.836698,40.6916936,,
2809909112,-73.8358095,40.6919276,,
