osmid,x,y,ref,highway
42731102,-73.87699,40.874821,,
42734120,-73.876491,40.875499,,stop
42742294,-73.873692,40.876352,,
42742296,-73.87292,40.876027,,
42748926,-73.876684,40.873792,,
42748930,-73.875885,40.873411,,
42748933,-73.874938,40.872959,,traffic_signals
42750784,-73.8744897,40.8735716,,
42750786,-73.873861,40.874759,,
42755157,-73.8747,40.875002,,
42775278,-73.875592,40.875254,,
2329230147,-73.871809,40.8777898,,
5327143242,-73.8741584,40.8739125,,
