osmid,x,y,ref,highway
42427762,-73.973465,40.763659,,traffic_signals
42427764,-73.974111,40.7639334,,
42430378,-73.9776851,40.7636462,,traffic_signals
42430384,-73.977196,40.764324,,traffic_signals
42430390,-73.9766802,40.7650275,,traffic_signals
42431544,-73.974457,40.762293,,traffic_signals
42432818,-73.973968,40.762967,,traffic_signals
42440313,-73.973015,40.764279,,traffic_signals
