osmid,x,y,ref,highway
42426418,-73.9514971,40.7602377,,
42426420,-73.9513774,40.7605289,,
42426928,-73.9479808,40.7624373,,
42426931,-73.9490982,40.7629702,,
42447412,-73.9547864,40.7578267,,
42448828,-73.9517365,40.760368,,crossing
42450109,-73.9522642,40.7602829,,
1241820953,-73.9540022,40.7575229,,
1241820956,-73.9537005,40.7576683,,
1241820975,-73.953781,40.7574229,,
3580758396,-73.9470762,40.7637645,,
5212739096,-73.9474534,40.7640071,,
5487813168,-73.9474604,40.7640821,,
