osmid,x,y,ref,highway
42477012,-73.946968,40.621885,,traffic_signals
42477016,-73.946514,40.619494,,traffic_signals
42481771,-73.945968,40.621995,,traffic_signals
42481774,-73.945516,40.619606,,traffic_signals
42483778,-73.94497,40.622105,,traffic_signals
42483782,-73.944518,40.619714,,
42502528,-73.947895,40.621783,,
42502531,-73.947443,40.619393,,
42526238,-73.94882,40.621682,,
