osmid,x,y,ref,highway
42807254,-73.822803,40.75388,,traffic_signals
42807304,-73.826887,40.75249,,traffic_signals
42807308,-73.82629,40.752712,,
42807312,-73.825508,40.753,,
42828894,-73.824923,40.75144,,
42828896,-73.8242484,40.7518476,,traffic_signals
42828902,-73.821925,40.753167,,traffic_signals
42833204,-73.823396,40.754377,,traffic_signals
42876373,-73.826362,40.751859,,traffic_signals
42876980,-73.823979,40.754868,,
42914989,-73.824718,40.755488,,traffic_signals
