osmid,x,y,ref,highway
42443268,-73.9557686,40.7879101,,traffic_signals
42446086,-73.9541598,40.7872313,,traffic_signals
42446093,-73.953672,40.787901,,traffic_signals
42446099,-73.9532121,40.7885301,,traffic_signals
596776165,-73.9521758,40.7872773,,traffic_signals
596776166,-73.9517206,40.7879028,,
596776260,-73.9526675,40.7866018,,traffic_signals
