osmid,x,y,ref,highway
42824167,-73.9200593,40.7563088,,traffic_signals
42841778,-73.9254889,40.7521686,,traffic_signals
42917869,-73.923384,40.7536111,,traffic_signals
42917872,-73.9243514,40.7524239,,traffic_signals
42932884,-73.9228045,40.7527732,,traffic_signals
42932888,-73.9221148,40.7529226,,traffic_signals
42938567,-73.9225647,40.7532287,,
1927807845,-73.9221287,40.7551516,,traffic_signals
