osmid,x,y,ref,highway
42435761,-73.955861,40.803744,,
42435766,-73.954874,40.805096,,
42437188,-73.9567983,40.8050221,,traffic_signals
42440104,-73.958204,40.803894,,
42440108,-73.9582435,40.8047141,,
42440112,-73.957722,40.806291,,
42440122,-73.957266,40.806916,,
42446778,-73.9572939,40.8043463,,traffic_signals
42447323,-73.9563031,40.8056974,,traffic_signals
42447326,-73.9558429,40.806325,,traffic_signals
