osmid,x,y,ref,highway
42734481,-73.8420026,40.8960033,,
42753755,-73.843743,40.895621,,
42753757,-73.8428862,40.89581,,stop
42753765,-73.8400576,40.8959022,,
42759346,-73.840723,40.897653,,
42761912,-73.841916,40.8932864,,
42761917,-73.843367,40.897072,,
42766634,-73.842788,40.893094,,
42766642,-73.8441639,40.8968959,,
42777400,-73.841592,40.897462,,
1348849548,-73.8411084,40.8961443,,
