osmid,x,y,ref,highway
42469705,-73.990052,40.661139,,traffic_signals
42469707,-73.98784,40.659816,,traffic_signals
42476426,-73.991217,40.660019,,
42476429,-73.989013,40.658691,,
42477317,-73.9888744,40.6622791,,
42477322,-73.98947,40.661699,,traffic_signals
42477334,-73.990635,40.660579,,traffic_signals
42477341,-73.9918,40.659458,,
42487613,-73.988428,40.65925,,traffic_signals
42487617,-73.989593,40.658134,,
1942054887,-73.9876014,40.6603976,,
