osmid,x,y,ref,highway
42435207,-73.945052,40.802599,,
42435387,-73.946974,40.799961,,
42437174,-73.946462,40.800665,,
42437177,-73.9496203,40.8020161,,traffic_signals
42439485,-73.945508,40.801971,,
42446772,-73.9501314,40.8013149,,traffic_signals
42449828,-73.945968,40.801342,,
42452564,-73.9486636,40.8033044,,traffic_signals
42453220,-73.949123,40.8026735,,traffic_signals
