osmid,x,y,ref,highway
42746541,-73.890555,40.825102,,
42746544,-73.890663,40.825307,,traffic_signals
42759011,-73.888711,40.825181,,
42759015,-73.888806,40.826257,,
42759521,-73.887895,40.826743,,
42760328,-73.889711,40.8258,,
42760335,-73.8863819,40.8275126,,
42760339,-73.8861181,40.8276473,,traffic_signals
42761356,-73.887833,40.825946,,
42766683,-73.88965,40.825136,,
42782063,-73.887774,40.825226,,
