osmid,x,y,ref,highway
42430333,-73.984118,40.754842,,traffic_signals
42430338,-73.983624,40.755516,,traffic_signals
42430342,-73.9831666,40.7561419,,traffic_signals
42430344,-73.9827118,40.7567712,,traffic_signals
42430352,-73.981341,40.758645,,traffic_signals
42432693,-73.979483,40.755405,,traffic_signals
42434072,-73.979024,40.756032,,traffic_signals
42437358,-73.980888,40.753481,,traffic_signals
42443528,-73.978116,40.757284,,traffic_signals
42454428,-73.980395,40.754155,,traffic_signals
