osmid,x,y,ref,highway
42466960,-73.9366145,40.6908217,,
42466962,-73.9364688,40.6900901,,
42466965,-73.9363221,40.6893539,,
42499177,-73.9425095,40.6908927,,
42499180,-73.9423647,40.6901605,,
42499184,-73.94222,40.6894285,,
42499187,-73.9420754,40.6886971,,
42501272,-73.9393902,40.689754,,
42515255,-73.939536,40.6904847,,
42516258,-73.9396825,40.6912188,,
42516263,-73.9392442,40.6890229,,
