osmid,x,y,ref,highway
42468396,-73.8925055,40.6488619,,traffic_signals
42468397,-73.89071,40.647256,,
42468399,-73.890094,40.646697,,
42468402,-73.889521,40.646174,,
42468403,-73.888901,40.64563,,
42478897,-73.89164,40.644797,,
42482087,-73.892837,40.645874,,stop
42482089,-73.892218,40.645321,,
42494837,-73.8932519,40.648402,,traffic_signals
42494838,-73.891432,40.646781,,
42523449,-73.8939521,40.6479362,,
42532427,-73.892142,40.646323,,
