osmid,x,y,ref,highway
42470880,-73.934633,40.616048,,
42479074,-73.932422,40.611858,,
42479075,-73.93171,40.612322,,
42479078,-73.930998,40.612784,,
42479080,-73.93028,40.613245,,traffic_signals
42502079,-73.9321,40.614876,,
42502082,-73.92846,40.611613,,
42505833,-73.9306,40.610228,,
42508173,-73.932813,40.614415,,
42508179,-73.929174,40.611151,,
42513943,-73.933528,40.613953,,
42513946,-73.929887,40.610688,,
