osmid,x,y,ref,highway
42468965,-73.9817649,40.6135084,,crossing
42468966,-73.9820397,40.6132378,,traffic_signals
42468969,-73.9826328,40.6126771,,traffic_signals
42482587,-73.980707,40.613402,,traffic_signals
42482589,-73.980182,40.610634,,traffic_signals
42482591,-73.979697,40.608077,,traffic_signals
42509099,-73.979183,40.610742,,
42509102,-73.978699,40.608188,,traffic_signals
42514629,-73.982106,40.610421,,stop
42514631,-73.981624,40.607866,,traffic_signals
42533395,-73.98118,40.610522,,
