osmid,x,y,ref,highway
42468947,-73.9784563,40.6167082,,traffic_signals
42477640,-73.9800911,40.6186254,,traffic_signals
42484271,-73.985693,40.620131,,traffic_signals
42484275,-73.983489,40.6188,,
42484279,-73.981286,40.617471,,
42486131,-73.984068,40.618241,,
42486137,-73.981868,40.616912,,traffic_signals
42521570,-73.979495,40.619195,,
42521574,-73.977874,40.61819,,
42521667,-73.980682,40.618053,,traffic_signals
42527946,-73.982883,40.619381,,traffic_signals
