osmid,x,y,ref,highway
42854082,-73.736578,40.686438,,
42868918,-73.737442,40.686701,,
42868923,-73.7357,40.686173,,
42868926,-73.73483,40.685906,,
