osmid,x,y,ref,highway
42470853,-73.937542,40.614165,,
42470862,-73.9367994,40.6146418,,traffic_signals
42470868,-73.936057,40.615123,,
42470877,-73.935348,40.615584,,
42473770,-73.935724,40.61253,,
42473774,-73.933902,40.6109,,
42479071,-73.934622,40.610442,,traffic_signals
42479074,-73.932422,40.611858,,
42479075,-73.93171,40.612322,,
42500571,-73.936438,40.612069,,
42505829,-73.93424,40.613498,,
42513943,-73.933528,40.613953,,
42528237,-73.9349889,40.6130164,,traffic_signals
