osmid,x,y,ref,highway
42444353,-74.0144384,40.7031516,,traffic_signals
42444479,-74.0144036,40.7036143,,traffic_signals
4150144210,-74.0153091,40.7006708,,
4150144226,-74.0150973,40.7007103,,
