osmid,x,y,ref,highway
42443054,-73.9470777,40.784269,,traffic_signals
42443056,-73.9466006,40.7849357,,traffic_signals
42443058,-73.9456962,40.7861697,,traffic_signals
42449010,-73.944217,40.7839488,,traffic_signals
42450044,-73.9493307,40.785194,,traffic_signals
4779073675,-73.9448962,40.7833436,,
4779073676,-73.9446883,40.7833095,,traffic_signals
