osmid,x,y,ref,highway
42832999,-73.9136946,40.7655007,,traffic_signals
42833001,-73.912889,40.7651229,,traffic_signals
42833005,-73.9120914,40.7647489,,traffic_signals
42833009,-73.9112914,40.7643738,,traffic_signals
42833012,-73.9104957,40.7640007,,traffic_signals
42841750,-73.9119309,40.7690058,,
42842479,-73.9116994,40.7679488,,traffic_signals
42842485,-73.9100967,40.7672009,,
42842491,-73.9092956,40.766827,,
42842492,-73.9084988,40.7664552,,traffic_signals
