osmid,x,y,ref,highway
42431200,-73.9510418,40.800066,,traffic_signals
42435387,-73.946974,40.799961,,
42437201,-73.948311,40.798129,,
42437204,-73.9514947,40.7994445,,traffic_signals
42446721,-73.948792,40.797478,,
42446723,-73.9519558,40.7988119,,traffic_signals
42453216,-73.9505845,40.8006933,,traffic_signals
