osmid,x,y,ref,highway
42473774,-73.933902,40.6109,,
42473777,-73.932084,40.609267,,
42473780,-73.930269,40.607632,,
42479072,-73.9331656,40.6113767,,traffic_signals
42500574,-73.932801,40.608805,,
42500577,-73.930979,40.607174,,
42500580,-73.9291595,40.6055313,,
42528239,-73.9313412,40.6097422,,traffic_signals
42528241,-73.9294907,40.6080837,,traffic_signals
42528242,-73.9276942,40.6064792,,
42531276,-73.933513,40.608343,,
42531279,-73.931697,40.606714,,
42531283,-73.9298693,40.6050722,,
