osmid,x,y,ref,highway
42743537,-73.9124822,40.809351,,traffic_signals
42745895,-73.914098,40.812301,,traffic_signals
42756063,-73.911812,40.813883,,traffic_signals
42762525,-73.9100462,40.8105249,,
42762558,-73.914474,40.811651,,
42763155,-73.914847,40.810994,,traffic_signals
42763161,-73.913716,40.812953,,
42763165,-73.913337,40.813611,,traffic_signals
42764629,-73.9103664,40.8096475,,
