osmid,x,y,ref,highway
42444055,-73.9684141,40.7507547,,traffic_signals
42453000,-73.9688742,40.7501077,,traffic_signals
42455929,-73.9699601,40.7488901,,traffic_signals
42455932,-73.9676835,40.7520165,,traffic_signals
248708583,-73.9669869,40.752388,,traffic_signals
595105472,-73.9694314,40.7493242,,
595105581,-73.9674437,40.7518375,,traffic_signals
595105589,-73.9669078,40.7525086,,traffic_signals
