osmid,x,y,ref,highway
67871026,-70.316703,41.637157,,
67890129,-70.31729,41.639429,,
67932356,-70.31931,41.636824,,
68068711,-70.31843,41.636899,,
68091586,-70.317572,41.637059,,
68099791,-70.320168,41.636673,,
68138496,-70.318729,41.638128,,
68153588,-70.318159,41.635728,,
68180435,-70.319865,41.639216,,
68265621,-70.319594,41.637994,,
