osmid,x,y,ref,highway
42720018,-73.889372,40.873382,,
42733107,-73.8886676,40.8727916,,
42733890,-73.890987,40.871764,,
42733892,-73.891102,40.871174,,
42736128,-73.889804,40.872401,,
42741219,-73.8888027,40.871425,,
2024825511,-73.8880576,40.8721503,,
2024833540,-73.8905297,40.8705999,,
2024833547,-73.8896502,40.8709385,,
2024833549,-73.889228,40.8711823,,
2024833559,-73.8888023,40.8716004,,
2024978445,-73.888849,40.8729444,,
2024978446,-73.8887373,40.8727479,,
