osmid,x,y,ref,highway
42482253,-73.948185,40.690242,,
42482256,-73.948039,40.689511,,
42482263,-73.947748,40.688044,,
42501267,-73.945056,40.6891022,,
42514366,-73.945349,40.690567,,
42514369,-73.945198,40.68984,,
42514373,-73.944911,40.68837,,
