osmid,x,y,ref,highway
42431990,-73.9979934,40.7127307,,
42431992,-73.9977747,40.7119727,,traffic_signals
42437559,-73.9974922,40.7139962,,traffic_signals
42437749,-73.9997023,40.7117948,,traffic_signals
42437753,-73.9986794,40.7118881,,traffic_signals
42439813,-73.9989343,40.7125535,,
42443832,-74.0008576,40.7130089,,
588455742,-73.997981,40.7136728,,traffic_signals
588455743,-73.9984931,40.7134518,,traffic_signals
4158807592,-73.9982694,40.7132906,,
