osmid,x,y,ref,highway
42424439,-73.9647071,40.7916741,,traffic_signals
42435328,-73.9652082,40.7909908,,traffic_signals
42436985,-73.9684724,40.7915647,,traffic_signals
42442528,-73.9708539,40.7933783,,traffic_signals
42442534,-73.970364,40.7940493,,traffic_signals
42443373,-73.968019,40.7921862,,traffic_signals
42443381,-73.9675289,40.7928581,,traffic_signals
42443388,-73.9670269,40.7935423,,traffic_signals
