osmid,x,y,ref,highway
42467024,-73.970859,40.693172,,traffic_signals
42467026,-73.970549,40.691602,,
42467029,-73.970131,40.689506,,
42469614,-73.969831,40.693135,,traffic_signals
42469615,-73.969521,40.691564,,
42470365,-73.972553,40.69168,,
42470369,-73.972136,40.689582,,
42488429,-73.971872,40.69321,,traffic_signals
42488433,-73.97156,40.69164,,
42488436,-73.971142,40.689544,,
42492298,-73.97354,40.691707,,
42511695,-73.973126,40.689622,,
