osmid,x,y,ref,highway
42473232,-73.9338355,40.6918927,,
42473239,-73.9336888,40.6911588,,
42473245,-73.9335426,40.6904268,,
42473252,-73.9333961,40.6896936,,
42473255,-73.9332499,40.6889614,,
42499477,-73.930907,40.692228,,
42499480,-73.93076,40.691495,,
42499483,-73.9306163,40.6907634,,
42499487,-73.93047,40.690031,,
