osmid,x,y,ref,highway
42424641,-73.9768601,40.7146116,,
42425100,-73.977917,40.715649,,
42435553,-73.9783571,40.7151776,,
42435556,-73.9775766,40.7148601,,
42437786,-73.9794152,40.713808,,traffic_signals
42452117,-73.979962,40.713973,,traffic_signals
42452936,-73.976483,40.7153027,,
3785707059,-73.9788947,40.7155363,,
5079840928,-73.9787954,40.71572,,
