osmid,x,y,ref,highway
42748877,-73.9149146,40.8846236,,traffic_signals
42759296,-73.917376,40.8815009,,
42759298,-73.9179524,40.881874,,
42763390,-73.915576,40.883606,,
42770885,-73.9167841,40.8839842,,
42770888,-73.919267,40.884805,,
721834121,-73.9176673,40.8812419,,
2520287889,-73.9191149,40.8808487,,
2520449232,-73.9163032,40.8849049,,
