osmid,x,y,ref,highway
212894907,-75.306303,43.161354,,
212894929,-75.301366,43.164658,,
212894956,-75.299256,43.164977,,
212894961,-75.297981,43.165839,,
212894965,-75.297277,43.166344,,
212895063,-75.294736,43.168631,,
212895095,-75.296904,43.170315,,
212895155,-75.291935,43.168297,,
212961531,-75.299433,43.167002,,
212961609,-75.301695,43.16667,,
213028885,-75.315178,43.16844,,
213095583,-75.29897,43.164751,,
