osmid,x,y,ref,highway
42728192,-73.921345,40.84718,,
42731817,-73.920482,40.848264,,
42731821,-73.919371,40.849621,,
42731822,-73.917275,40.851314,,
42744697,-73.918409,40.84944,,
42745466,-73.919241,40.848423,,
42761302,-73.91968,40.847902,,
2907939233,-73.9155232,40.8505379,,
2907939238,-73.9174402,40.8492002,,
2907939239,-73.918515,40.8483813,,
2907939241,-73.918831,40.8481355,,
2907939251,-73.9196837,40.8475558,,
2907939252,-73.9194101,40.8477467,,
