osmid,x,y,ref,highway
42719497,-73.9154557,40.8042336,,
42719500,-73.914429,40.803845,,
42728721,-73.9158479,40.8037106,,
42737714,-73.917964,40.806116,,
42737719,-73.914997,40.804872,,
42737723,-73.913478,40.804263,,
42743519,-73.914495,40.805561,,
42747190,-73.918819,40.804905,,traffic_signals
42763139,-73.917479,40.806823,,traffic_signals
