osmid,x,y,ref,highway
42429980,-73.9647558,40.764057,,traffic_signals
42436514,-73.9687667,40.7641179,,traffic_signals
42436516,-73.9672707,40.7634817,,traffic_signals
42447009,-73.9681807,40.7622356,,traffic_signals
42447020,-73.9677091,40.7628723,,traffic_signals
42447030,-73.9668127,40.7641054,,traffic_signals
42448317,-73.9696806,40.7628767,,traffic_signals
42455113,-73.9692158,40.7634881,,traffic_signals
42459114,-73.9683181,40.7647425,,traffic_signals
