osmid,x,y,ref,highway
42817773,-73.924845,40.745653,,
42817776,-73.923916,40.745545,,traffic_signals
42817780,-73.922989,40.745438,,traffic_signals
42860609,-73.9246619,40.7418026,,
42864393,-73.92451,40.747321,,
42904586,-73.923581,40.747214,,
42938181,-73.922653,40.747107,,
2844853159,-73.9243022,40.7436451,,
2844853162,-73.9242277,40.743976,,
