osmid,x,y,ref,highway
42745481,-73.9215459,40.8525908,,
42781084,-73.9206768,40.8538699,,
60919839,-73.9210631,40.8520781,,
595750834,-73.9231328,40.8513528,,turning_circle
595750836,-73.9204415,40.8537406,,
