osmid,x,y,ref,highway
42437505,-73.9848575,40.7117128,,
42438529,-73.9847868,40.7112289,,
42438531,-73.9847108,40.7107224,,traffic_signals
42440449,-73.9865861,40.7104935,,
588455697,-73.98512,40.7106758,,
588455698,-73.9846551,40.7104204,,traffic_signals
588455700,-73.9852151,40.7137854,,traffic_signals
588455701,-73.9850952,40.7134877,,
