osmid,x,y,ref,highway
42810503,-73.9114836,40.7614166,,
42810507,-73.9108922,40.7607965,,
42810512,-73.9102345,40.7602472,,
42856571,-73.9130935,40.7594453,,traffic_signals
42856588,-73.9114964,40.758696,,traffic_signals
2402842567,-73.9106961,40.7583247,,traffic_signals
