osmid,x,y,ref,highway
71788554,-72.7945813,42.1299383,,
71804102,-72.7924456,42.1312333,,
71837177,-72.793979,42.131379,,
71854240,-72.7890206,42.1301058,,
71878334,-72.797013,42.130816,,
1583118133,-72.7939092,42.1327119,,
4398173470,-72.7926819,42.1322683,,
