osmid,x,y,ref,highway
42741775,-73.8613381,40.8946536,,traffic_signals
42741778,-73.860261,40.894315,,
42750116,-73.861003,40.892967,,
42755794,-73.8625934,40.8918699,,
42755798,-73.860711,40.895371,,
42770821,-73.860619,40.893667,,
42772028,-73.85991,40.890948,,
42772032,-73.861788,40.89155,,
42778207,-73.859834,40.895085,,
42780600,-73.859524,40.891658,,
42780725,-73.861397,40.892253,,
3097967075,-73.8614221,40.8942427,,
