osmid,x,y,ref,highway
42430898,-73.986812,40.729779,,traffic_signals
42436942,-73.985444,40.731658,,traffic_signals
42440737,-73.984941,40.732347,,traffic_signals
42442862,-73.9863742,40.7303818,,traffic_signals
42442870,-73.985909,40.731019,,traffic_signals
42446533,-73.9881498,40.7319637,,traffic_signals
42449021,-73.984875,40.728194,,traffic_signals
3892037906,-73.9875129,40.7300663,,
4235734225,-73.9885804,40.7299275,,
