osmid,x,y,ref,highway
42865373,-73.822072,40.761625,,traffic_signals
42865376,-73.821558,40.760534,,traffic_signals
42865382,-73.821164,40.759686,,traffic_signals
42865386,-73.8206704,40.7588753,,traffic_signals
42870486,-73.818585,40.762566,,traffic_signals
42891686,-73.817682,40.760627,,
42895038,-73.818078,40.761473,,
42924362,-73.8173224,40.7597793,,traffic_signals
