osmid,x,y,ref,highway
42462873,-73.900752,40.679677,,
42462875,-73.8995815,40.6795479,,
42482872,-73.903903,40.682946,,
42486834,-73.904969,40.6866,,
42486836,-73.904494,40.686299,,
42498334,-73.902622,40.680664,,traffic_signals
42512268,-73.903153,40.68252,,
42513844,-73.900283,40.679442,,traffic_signals
42521488,-73.902862,40.681625,,
42526784,-73.898899,40.679561,,
42534202,-73.904636,40.683376,,
1398906450,-73.8966056,40.6820966,1,motorway_junction
