osmid,x,y,ref,highway
42786950,-73.8215944,40.614941,,
42886497,-73.829844,40.6347328,,
2757350501,-73.8254646,40.6200273,,
2757350502,-73.8252642,40.6200843,,
2757350515,-73.8300001,40.6346846,,
