osmid,x,y,ref,highway
61397016,-70.963512,42.324349,,
61397049,-70.963403,42.324323,,
61573257,-70.968313,42.315674,,
5476009447,-70.9763605,42.310704,,
