osmid,x,y,ref,highway
61348375,-71.1262388,42.301799,,
61348395,-71.1253046,42.3028461,,
61349471,-71.127925,42.300157,,traffic_signals
61349473,-71.127814,42.300106,,traffic_signals
61354468,-71.129819,42.297564,,
61355218,-71.129324,42.2965336,,
61357541,-71.1247708,42.3043853,,
61361343,-71.1304056,42.294835,,
61368767,-71.1257192,42.3022868,,
61384678,-71.125816,42.302322,,
61400362,-71.1220069,42.2955582,,
61557953,-71.126138,42.301753,,
