osmid,x,y,ref,highway
42877856,-73.9082227,40.7710893,,traffic_signals
42877859,-73.907494,40.770572,,
42877861,-73.9060698,40.7695679,,stop
42877863,-73.9053519,40.7690621,,
3778744257,-73.9067738,40.7700658,,traffic_signals
