osmid,x,y,ref,highway
42469245,-73.97951,40.689863,,
42470437,-73.978947,40.691921,,
42470439,-73.9786267,40.6898451,,
42471615,-73.9779408,40.689821,,
42490932,-73.9771033,40.6897872,,
42492298,-73.97354,40.691707,,
42494926,-73.9817613,40.6920319,,
42504232,-73.974109,40.689663,,
42510188,-73.980429,40.689901,,traffic_signals
42521405,-73.976102,40.689737,,
42521410,-73.975106,40.689698,,
1258875373,-73.9820625,40.6913087,,traffic_signals
3550741802,-73.981747,40.6929637,,
