osmid,x,y,ref,highway
42495095,-73.9778777,40.575483,,traffic_signals
42503388,-73.9796485,40.5755815,,traffic_signals
42504975,-73.979606,40.579444,,traffic_signals
2328480915,-73.9762181,40.5797676,,traffic_signals
