osmid,x,y,ref,highway
42430989,-73.9872606,40.7760287,,traffic_signals
42437841,-73.9877533,40.7778427,,
42437845,-73.9885869,40.7782003,,traffic_signals
42438301,-73.9888435,40.7774824,,
42438304,-73.9883332,40.7789023,,
42438825,-73.9874341,40.7785216,,
42442422,-73.9825945,40.7772952,,traffic_signals
42458943,-73.988519,40.7773485,,turning_circle
