osmid,x,y,ref,highway
261343091,-73.709766,40.706913,,
261343126,-73.712619,40.7081726,,
261361004,-73.717657,40.708134,,
261374667,-73.713943,40.69891,,
261374671,-73.715875,40.699278,,
261374672,-73.718146,40.699719,,
261376485,-73.71357,40.699539,,
261376487,-73.715655,40.699944,,
261376488,-73.717924,40.700386,,
261376489,-73.720196,40.700824,,
261378739,-73.715419,40.700607,,
261378743,-73.715121,40.701194,,
261378744,-73.715008,40.701466,,
261378745,-73.714784,40.702129,,
261382293,-73.718564,40.706021,,
261382565,-73.7097658,40.7082335,,
261382572,-73.710263,40.706313,,
261382574,-73.710527,40.705847,,
261382575,-73.710584,40.705674,,
261382580,-73.710787,40.704522,,
261387335,-73.713801,40.705761,,
261387336,-73.713328,40.703197,,
261395013,-73.718128,40.708206,,
261395014,-73.7187,40.705331,,
261395015,-73.718837,40.704646,,
261395016,-73.718974,40.703952,,
261395017,-73.719268,40.702472,,
261395019,-73.719407,40.701791,,
261395021,-73.719517,40.7014,,
261401527,-73.712359,40.706645,,
261401535,-73.711652,40.70608,,
261401536,-73.711724,40.70582,,
261401537,-73.711883,40.705086,,
261416021,-73.717559,40.701021,,
261416022,-73.717705,40.701044,,
261416024,-73.719977,40.701484,,
261418396,-73.714086,40.703341,,
261418398,-73.71484,40.703471,,
261418400,-73.716067,40.703421,,
261418402,-73.716798,40.703413,,
261418404,-73.717516,40.703481,,
261418405,-73.71823,40.703563,,
261424932,-73.713089,40.705837,,
261424933,-73.714514,40.705684,,
261424934,-73.715224,40.705607,,
261424936,-73.715638,40.705578,,
261424937,-73.716352,40.705659,,
261424938,-73.71707,40.705741,,
261424939,-73.717786,40.705823,,
261436215,-73.717356,40.701629,,
261438700,-73.713467,40.701875,,
261438701,-73.713801,40.701234,,
261441190,-73.71496,40.708048,,
261454828,-73.712109,40.705132,,
261460987,-73.713533,40.708244,,
261472631,-73.715153,40.708039,,
261473638,-73.712241,40.705881,,
261477688,-73.716607,40.708053,,
261477689,-73.71792,40.701443,,
261480134,-73.715884,40.708031,,
261480139,-73.71745,40.70136,,
261494057,-73.717328,40.708082,,
261494059,-73.718624,40.701573,,
261504014,-73.71893,40.701631,,
3356989258,-73.714246,40.708125,,
