osmid,x,y,ref,highway
42468028,-73.96419,40.577018,,
42468031,-73.96394,40.575631,,
42481501,-73.965095,40.576827,,
42481505,-73.964863,40.575543,,
42484402,-73.963008,40.575716,,
42492746,-73.967172,40.576386,,
42492749,-73.96638,40.576551,,
42492753,-73.965912,40.576646,,
42492757,-73.965831,40.576664,,
42500790,-73.9666155,40.5755038,,
42500793,-73.965648,40.575526,,
1167483485,-73.9629034,40.5751026,,
1167483567,-73.9647756,40.5749314,,
1167483679,-73.9667443,40.5749314,,
