osmid,x,y,ref,highway
42491678,-73.960426,40.658072,,traffic_signals
42491682,-73.960243,40.657232,,
42491685,-73.960136,40.656763,,
42491686,-73.960073,40.656486,,traffic_signals
42491688,-73.9598603,40.6556504,,traffic_signals
42491690,-73.959696,40.654839,,traffic_signals
42494660,-73.9563,40.655049,,traffic_signals
42499253,-73.956388,40.655875,,traffic_signals
42511665,-73.956558,40.657454,,traffic_signals
42520333,-73.956478,40.656711,,traffic_signals
