osmid,x,y,ref,highway
42435499,-73.959774,40.779542,,traffic_signals
42446036,-73.959311,40.780173,,traffic_signals
596776120,-73.9582675,40.7789071,,traffic_signals
596776132,-73.9578075,40.7795391,,traffic_signals
