osmid,x,y,ref,highway
42447166,-73.9509262,40.7858671,,traffic_signals
42447169,-73.9504283,40.7865489,,traffic_signals
42447174,-73.949982,40.7871716,,traffic_signals
42449005,-73.9519183,40.78717,,traffic_signals
42449007,-73.9488285,40.785882,,traffic_signals
42450048,-73.9483792,40.7864975,,traffic_signals
42453577,-73.9514628,40.7877943,,
42457660,-73.9524117,40.7864938,,traffic_signals
