osmid,x,y,ref,highway
42734422,-73.864894,40.885897,,
42753567,-73.863336,40.88872,,
42771144,-73.865278,40.885193,,
42771168,-73.863728,40.888017,,
42778810,-73.864505,40.886608,,
42780714,-73.864117,40.88731,,
3395893122,-73.8646,40.8883,,
