osmid,x,y,ref,highway
42485124,-73.879373,40.659364,,
42499661,-73.881002,40.658664,,
42502312,-73.879683,40.66117,,
42502317,-73.878592,40.659701,,
42504375,-73.88019,40.659011,,
42523603,-73.881826,40.658308,,
42524690,-73.882912,40.659781,,
1942054908,-73.8840595,40.6613307,,
1942054910,-73.8833411,40.6615228,,
1942054915,-73.8829297,40.6618157,,
1942054928,-73.882078,40.6621814,,
1942054931,-73.8815015,40.6623191,,
