osmid,x,y,ref,highway
42466966,-73.9361769,40.6886245,,
42466967,-73.9360309,40.6878916,,
42466970,-73.9358848,40.6871583,,
42466971,-73.9357393,40.6864276,,
42486657,-73.9386592,40.686091,,
42498872,-73.9419301,40.6879625,,
42498881,-73.9390977,40.6882884,,
42499192,-73.9417849,40.687228,,
42516267,-73.9389524,40.6875572,,
2969849195,-73.938807,40.6868315,,
