osmid,x,y,ref,highway
42435362,-73.959826,40.805435,,
42437142,-73.9610357,40.8068259,,
42442575,-73.9615414,40.8061332,,
42442577,-73.9600943,40.8081151,,
1506445711,-73.9619961,40.8055105,,
1506445821,-73.959357,40.806121,,
