osmid,x,y,ref,highway
42843678,-73.886377,40.712208,,traffic_signals
42843682,-73.885076,40.712161,,
42843686,-73.884351,40.71223,,traffic_signals
42843689,-73.882054,40.712454,,traffic_signals
761668552,-73.8803505,40.7074909,,
