osmid,x,y,ref,highway
42431207,-73.956778,40.802488,,
42431210,-73.9582135,40.8030921,,traffic_signals
42435736,-73.9580226,40.8008055,,traffic_signals
42435743,-73.957696,40.801232,,
42435746,-73.957238,40.801858,,
42435755,-73.956321,40.803115,,
42437218,-73.958674,40.8024641,,
42440104,-73.958204,40.803894,,
42446733,-73.959133,40.8018381,,traffic_signals
42447308,-73.9596364,40.8011516,,traffic_signals
42447317,-73.9577554,40.8037168,,traffic_signals
