osmid,x,y,ref,highway
42484766,-73.964654,40.650887,,traffic_signals
42484770,-73.964355,40.651005,,
42484773,-73.963442,40.651364,,
42484776,-73.96302,40.651532,,traffic_signals
42499234,-73.966213,40.653189,,traffic_signals
42499237,-73.964145,40.653995,,traffic_signals
42511210,-73.965242,40.651742,,
42511215,-73.96344,40.652451,,
42516815,-73.963812,40.653263,,
42522822,-73.965751,40.6525,,
