osmid,x,y,ref,highway
42810501,-73.9121031,40.7620248,,
42856566,-73.9146932,40.7601922,,traffic_signals
42856569,-73.913898,40.7598185,,traffic_signals
42920456,-73.9149432,40.7612436,,
42926319,-73.915155,40.7623376,,
