osmid,x,y,ref,highway
42739662,-73.870377,40.873285,,
42739664,-73.869296,40.873261,,
42739667,-73.868208,40.873235,,
42742786,-73.869351,40.871483,,
42755833,-73.870313,40.875341,,
42763561,-73.8681464,40.8753058,,
42765336,-73.869215,40.875329,,
1314452024,-73.868068,40.877368,,
3341053331,-73.8691987,40.8762678,,
3341053332,-73.868077,40.877145,,
