osmid,x,y,ref,highway
49269727,-77.3756348,39.2207388,,
49274192,-77.380638,39.221168,,
49352154,-77.377746,39.22079,,
