osmid,x,y,ref,highway
74434180,-71.8249575,42.2522936,,
74500516,-71.823606,42.249484,,traffic_signals
74520741,-71.821517,42.252405,,
74557557,-71.821122,42.250812,,traffic_signals
74559801,-71.823191,42.253703,,
74578533,-71.822799,42.249918,,
74584363,-71.824053,42.2529992,,
74648849,-71.8259157,42.2512962,,
74658660,-71.822492,42.253189,,
74757474,-71.824613,42.252034,,
4732574854,-71.821637,42.250537,,
5037420253,-71.8235307,42.2524951,,
