osmid,x,y,ref,highway
42435514,-73.9549422,40.7775056,,traffic_signals
42435516,-73.9527041,40.7765623,,traffic_signals
42435518,-73.9503382,40.7755651,,traffic_signals
42443037,-73.9522412,40.7771924,,traffic_signals
42450028,-73.9544814,40.778137,,traffic_signals
