osmid,x,y,ref,highway
42460599,-73.939226,40.643838,,
42460600,-73.938981,40.641538,,
42460602,-73.938731,40.6392,,
42475343,-73.938255,40.643896,,traffic_signals
42475346,-73.938012,40.641603,,traffic_signals
42476219,-73.937284,40.643958,,
42476222,-73.937041,40.641658,,traffic_signals
42476229,-73.936792,40.639319,,traffic_signals
42487283,-73.939914,40.641481,,traffic_signals
42487284,-73.939664,40.639142,,
