osmid,x,y,ref,highway
61342618,-71.0873309,42.3420274,,traffic_signals
61342673,-71.0865692,42.3415168,,traffic_signals
61344251,-71.0906465,42.3397751,,traffic_signals
61344255,-71.0909834,42.340475,,
61350989,-71.0902649,42.3426412,,
61364786,-71.086598,42.342612,,
61367208,-71.0902549,42.3407533,,
61405028,-71.0911936,42.3408889,,
61423858,-71.0862572,42.3417634,,
61594749,-71.0852291,42.3426686,,
1016874911,-71.0901085,42.3432309,,
