osmid,x,y,ref,highway
111293661,-78.473804,43.067773,,
111293680,-78.474775,43.066617,,
111513750,-78.470282,43.077879,,
221663225,-78.464252,43.079132,,
