osmid,x,y,ref,highway
561035338,-73.9615185,40.8111851,,traffic_signals
627905367,-73.9643043,40.8073074,,traffic_signals
1504153604,-73.9620178,40.8104995,,traffic_signals
1506445762,-73.9638152,40.8079924,,traffic_signals
