osmid,x,y,ref,highway
42734120,-73.876491,40.875499,,stop
42734122,-73.875895,40.876302,,
42734124,-73.875268,40.87714,,
42739325,-73.873483,40.878855,,traffic_signals
42739327,-73.872545,40.878746,,traffic_signals
42739330,-73.871596,40.878646,,traffic_signals
42742280,-73.874448,40.876787,,
42742285,-73.87363,40.876436,,
42742294,-73.873692,40.876352,,
42742296,-73.87292,40.876027,,
42755157,-73.8747,40.875002,,
42775278,-73.875592,40.875254,,
