osmid,x,y,ref,highway
213203029,-74.4971299,42.6728507,,
213216420,-74.4955042,42.6756364,,
213225127,-74.502639,42.6697005,,
213225599,-74.5025281,42.6729128,,
