osmid,x,y,ref,highway
42807812,-73.9118106,40.7555927,,traffic_signals
42807815,-73.9119854,40.7553939,,
42824181,-73.916061,40.7544425,,traffic_signals
42824187,-73.9152603,40.7540688,,
42833510,-73.9142088,40.7567195,,traffic_signals
42833515,-73.9165077,40.7538933,,traffic_signals
42883022,-73.912168,40.755764,,traffic_signals
42885751,-73.9175126,40.7538761,,
42904507,-73.9154676,40.7538022,,traffic_signals
2402842566,-73.9126108,40.7559709,,traffic_signals
