osmid,x,y,ref,highway
42460102,-73.890404,40.643689,,
42460105,-73.88827,40.645062,,
42468403,-73.888901,40.64563,,
42468406,-73.887697,40.644548,,
42468411,-73.887074,40.643985,,
42468414,-73.886459,40.643434,,
42468420,-73.885253,40.642357,,
42482093,-73.891021,40.644245,,
42482098,-73.889823,40.643168,,
42482101,-73.8892,40.642611,,
42482106,-73.888582,40.642055,,
42482108,-73.888001,40.641533,,
42482110,-73.887386,40.640981,,
