osmid,x,y,ref,highway
42832643,-73.760797,40.699167,,
42832649,-73.760494,40.698493,,
42832659,-73.759888,40.69714,,
42832662,-73.759583,40.696467,,
42832669,-73.759278,40.695791,,
42832674,-73.758974,40.695117,,
42884099,-73.76198,40.694591,,
42887737,-73.757937,40.698404,,
42893523,-73.758243,40.699084,,
42893531,-73.757633,40.697729,,
42893534,-73.75733,40.697053,,
42893537,-73.757027,40.696377,,
42893540,-73.756728,40.695703,,
42923809,-73.761234,40.694544,,
