osmid,x,y,ref,highway
212714506,-75.990584,42.836031,,
212714518,-75.987016,42.83627,,
212714528,-75.983113,42.836524,,
212714531,-75.981929,42.836577,,
212766725,-75.989878,42.834822,,
212766732,-75.988894,42.834796,,
212828158,-75.982109,42.835318,,
212843036,-75.9897932,42.8346415,,
212990770,-75.986832,42.834979,,
212990778,-75.982937,42.835265,,
