osmid,x,y,ref,highway
42465438,-74.005074,40.650147,,traffic_signals
42465440,-74.005659,40.649584,,
42465442,-74.006241,40.649022,,
42465444,-74.006824,40.648465,,traffic_signals
42477073,-74.004621,40.647131,,
42477362,-74.002866,40.648821,,
42487453,-74.000662,40.647487,,traffic_signals
42487457,-74.001248,40.646926,,
42487460,-74.001833,40.646368,,traffic_signals
42487463,-74.002415,40.645809,,traffic_signals
