osmid,x,y,ref,highway
42788155,-73.830886,40.686287,,
42809846,-73.835951,40.684844,,
42830761,-73.82753,40.687239,,
42858028,-73.831723,40.686051,,
42868655,-73.8291238,40.686782,,
42875117,-73.834265,40.685327,,
42882434,-73.828356,40.687003,,
42902616,-73.832577,40.685806,,
42912024,-73.830039,40.686529,,
42915536,-73.835111,40.685088,,
42918807,-73.833422,40.685568,,
42918827,-73.826702,40.687473,,
