osmid,x,y,ref,highway
42471879,-73.938568,40.698848,,
42499079,-73.941149,40.700281,,
42504102,-73.941931,40.700725,,
42505462,-73.94042,40.699874,,
42505468,-73.938902,40.699037,,
42516224,-73.941309,40.699292,,
2530160374,-73.9421347,40.7007001,,
