osmid,x,y,ref,highway
42814199,-73.847486,40.692218,,
42814202,-73.846835,40.690966,,
42814207,-73.846772,40.690763,,
42814213,-73.846508,40.690222,,
42814218,-73.846254,40.689708,,
42826180,-73.847433,40.689371,,
42860752,-73.84836,40.691955,,
42861121,-73.847041,40.692372,,
42861122,-73.846618,40.692495,,
42862840,-73.845967,40.691166,,
42863138,-73.847954,40.690439,,
42863140,-73.847654,40.690515,,
42869837,-73.84769,40.689889,,
2924921653,-73.8459362,40.6890618,,
