osmid,x,y,ref,highway
42740434,-73.893474,40.842862,,
42740437,-73.892503,40.842286,,
42740440,-73.891502,40.841699,,
42740957,-73.892169,40.84105,,
42746101,-73.8930025,40.8433213,,
42750043,-73.893171,40.841638,,
42754125,-73.894101,40.84219,,
