osmid,x,y,ref,highway
42732911,-73.920694,40.827211,,
42739694,-73.920201,40.8281,,
42742392,-73.919313,40.829702,,
2408446151,-73.921574,40.8285452,,traffic_signals
2408446154,-73.9224783,40.8269251,,traffic_signals
2408446176,-73.9209836,40.829565,,
2408446186,-73.9218937,40.8280296,,
2408446187,-73.9220706,40.8276673,,
2829127625,-73.9196425,40.8291144,,
