osmid,x,y,ref,highway
42719674,-73.857835,40.880335,,
42719678,-73.855336,40.879541,,
42719682,-73.852939,40.87878,,
42730854,-73.857445,40.881041,,
42730861,-73.858222,40.879637,,
42730865,-73.8586,40.878954,,
42734513,-73.853195,40.878395,,
42739019,-73.856078,40.878211,,
42739022,-73.853738,40.877462,,
42757254,-73.854554,40.880947,,
42757257,-73.852033,40.88014,,
42765401,-73.853383,40.878103,,
42765415,-73.852483,40.879463,,
42773976,-73.854937,40.880245,,
42777770,-73.855719,40.878851,,
