osmid,x,y,ref,highway
42849245,-73.922741,40.765226,,traffic_signals
42849727,-73.923457,40.764348,,
42856527,-73.9226683,40.7639694,,traffic_signals
42856541,-73.9210893,40.7632035,,traffic_signals
42856544,-73.9202848,40.7628239,,traffic_signals
42856546,-73.9194755,40.762445,,traffic_signals
42856551,-73.9186812,40.7620698,,traffic_signals
42874056,-73.920602,40.7665256,,traffic_signals
42874057,-73.9197988,40.7661488,,traffic_signals
42874058,-73.9189932,40.7657719,,traffic_signals
