osmid,x,y,ref,highway
42466932,-73.9376361,40.6959504,,
42466939,-73.9374903,40.6952183,,
42466943,-73.9373442,40.6944848,,
42477909,-73.940267,40.6941478,,
42492342,-73.9432344,40.694559,,
42492346,-73.9404133,40.6948807,,
42499161,-73.9433789,40.69529,,
42516233,-73.9407073,40.6963537,,
42516238,-73.94056,40.6956154,,
