osmid,x,y,ref,highway
42472322,-73.882511,40.656213,,
42472325,-73.883491,40.657591,,
42472328,-73.884582,40.659061,,
42486438,-73.885681,40.65485,,
42486443,-73.881626,40.65659,,
42486452,-73.880813,40.656945,,
42511431,-73.886689,40.656205,,
42523603,-73.881826,40.658308,,
42528563,-73.883739,40.659427,,
