osmid,x,y,ref,highway
42482227,-73.949207,40.695378,,traffic_signals
42482231,-73.94906,40.694637,,
42482234,-73.948914,40.693905,,
42492340,-73.946078,40.69423,,
42514354,-73.946223,40.694962,,
