osmid,x,y,ref,highway
42732488,-73.866142,40.850536,,
42732491,-73.865858,40.850771,,
42732495,-73.864893,40.851531,,
42732498,-73.863926,40.852339,,
42741476,-73.865221,40.850178,,
42741478,-73.86304,40.850611,,
42741482,-73.862119,40.850806,,
42745168,-73.863,40.852324,,
42745174,-73.862934,40.854409,,
42746137,-73.864814,40.854443,,
42746142,-73.863873,40.854425,,
42746147,-73.861996,40.854392,,
42746732,-73.86488,40.852358,,
42751756,-73.865651,40.850335,,
42757350,-73.862061,40.852307,,
