osmid,x,y,ref,highway
182556911,-75.714714,38.569957,,
182623916,-75.714447,38.56031,,
182623968,-75.71511,38.560409,,
182715821,-75.712936,38.568119,,
182715830,-75.713409,38.569713,,
182715849,-75.71273,38.570087,,
182733375,-75.714935,38.566478,,
182753662,-75.716003,38.559207,,
182753740,-75.717849,38.569015,,
