osmid,x,y,ref,highway
42152852,-73.780809,43.100215,,
443504531,-73.777796,43.100067,,
443504532,-73.777983,43.099636,,
443504534,-73.775575,43.1044,,
