osmid,x,y,ref,highway
42467292,-73.959451,40.653575,,traffic_signals
42484786,-73.960423,40.652556,,traffic_signals
42484790,-73.959329,40.652928,,traffic_signals
42491690,-73.959696,40.654839,,traffic_signals
42499242,-73.960699,40.655341,,
42511228,-73.961587,40.6531653,,
42512728,-73.9617537,40.6540717,,traffic_signals
42522831,-73.960783,40.654457,,
