osmid,x,y,ref,highway
42829706,-73.721093,40.756281,,
42829758,-73.7159613,40.759245,,
42856079,-73.720386,40.756066,,
944462225,-73.717517,40.7590708,,
944462289,-73.7166607,40.7584338,,crossing
