osmid,x,y,ref,highway
42435380,-73.957245,40.809404,,
42442578,-73.9596325,40.8087475,,
1504153626,-73.9592062,40.8093313,,traffic_signals
3579432160,-73.957617,40.808671,,traffic_signals
3579432161,-73.9587153,40.8100035,,traffic_signals
