osmid,x,y,ref,highway
61344481,-70.9993058,42.3839812,,
61344483,-71.00076,42.384512,,
61345847,-70.9978468,42.3834575,,
61357186,-70.997701,42.388268,,
61367053,-71.000273,42.385244,,
61367058,-71.0000944,42.385513,,
61405548,-71.000531,42.387646,,
61451545,-70.996729,42.390291,,
61583731,-70.995568,42.389492,,
