osmid,x,y,ref,highway
42734239,-73.8677692,40.844878,,
42734241,-73.868355,40.84708,,
42739854,-73.867297,40.842919,,
42739857,-73.868892,40.84441,,
42739923,-73.8664564,40.8434714,,
42739948,-73.8680299,40.8448089,,
42756707,-73.866879,40.845066,,
42761375,-73.867714,40.847279,,
42766786,-73.8663377,40.8435655,,
5334639189,-73.8684647,40.847042,,
