osmid,x,y,ref,highway
42786642,-73.853678,40.74211,,
42806651,-73.859449,40.743036,,
42806655,-73.858777,40.743326,,
42807480,-73.857768,40.741406,,
42809864,-73.85526,40.742375,,
42809868,-73.854577,40.741884,,
42823497,-73.85287,40.741588,,
42826459,-73.85264,40.74071,,
42830996,-73.854526,40.739825,,
42830999,-73.854175,40.740457,,
42831003,-73.8537833,40.7410768,,traffic_signals
42831007,-73.8534,40.741846,,traffic_signals
42836357,-73.858658,40.742272,,
42836359,-73.856921,40.743176,,
42836364,-73.856056,40.743665,,
42862720,-73.85754,40.741193,,
42862733,-73.85461,40.7426863,,traffic_signals
42864070,-73.855193,40.741381,,
42865570,-73.856382,40.740422,,
42874993,-73.8549247,40.7432991,,traffic_signals
42875001,-73.8543049,40.7420923,,traffic_signals
42875008,-73.8533315,40.7401971,,traffic_signals
42881963,-73.858101,40.741735,,
42884357,-73.858323,40.741939,,
42884361,-73.857097,40.740825,,
42884454,-73.856454,40.740363,,
42906293,-73.858681,40.744031,,traffic_signals
42906304,-73.8557256,40.7409554,,
42922544,-73.852878,40.740038,,
42922547,-73.852358,40.741375,,
2570541610,-73.8564873,40.7413619,,
2570541859,-73.8558195,40.7418293,,
2883991443,-73.8574013,40.7439277,,
3221674609,-73.8558128,40.7408831,,
5380513706,-73.854332,40.742698,,
