osmid,x,y,ref,highway
42485218,-74.004234,40.616482,,traffic_signals
42485222,-74.002031,40.615153,,traffic_signals
42490880,-74.002614,40.614594,,
42490881,-74.003196,40.614035,,
42494980,-74.008177,40.616133,,traffic_signals
42494982,-74.005979,40.614804,,traffic_signals
42517319,-74.007599,40.616695,,traffic_signals
42517323,-74.005397,40.615363,,traffic_signals
42530105,-74.007016,40.617254,,traffic_signals
42536508,-74.004813,40.615923,,traffic_signals
