osmid,x,y,ref,highway
42814508,-73.900813,40.698742,,
42814511,-73.901929,40.697593,,
42814513,-73.9039642,40.6955239,,
42844961,-73.901524,40.699162,,
42844965,-73.902644,40.698014,,
42856051,-73.905752,40.6965433,,
42856053,-73.90407,40.698857,,
42856057,-73.902953,40.700005,,
42888395,-73.902239,40.699584,,
42888400,-73.903356,40.698436,,
42892326,-73.9035218,40.6952864,,
42892330,-73.9032228,40.6951211,,
42893933,-73.900102,40.698319,,
42893941,-73.901219,40.697171,,
