osmid,x,y,ref,highway
71895075,-70.6224655,41.9419906,,
72491754,-70.645859,41.970598,,
