osmid,x,y,ref,highway
42988088,-74.138201,40.548035,,
42988091,-74.137448,40.547306,,
1993276479,-74.137348,40.5472561,,
2663757113,-74.1331217,40.5523038,,
2663757120,-74.1386084,40.5484424,,
2663757214,-74.1373097,40.5495461,,
4408056667,-74.1317367,40.5534432,,traffic_signals
