osmid,x,y,ref,highway
42742739,-73.895884,40.862258,,traffic_signals
42765905,-73.896425,40.860997,,
42772936,-73.896848,40.85999,,
42774790,-73.897711,40.860197,,
1765378860,-73.8969235,40.8624606,,traffic_signals
2025097103,-73.8975784,40.8612899,,
2025165399,-73.8983609,40.8598194,,
2025165412,-73.8980551,40.8604069,,
2025165414,-73.8981151,40.8602957,,traffic_signals
