osmid,x,y,ref,highway
42719790,-73.89514,40.816126,,traffic_signals
42737467,-73.890824,40.820307,,traffic_signals
42739795,-73.892836,40.820974,,
42750165,-73.8952137,40.8172913,,
42750170,-73.895677,40.818129,,
42753432,-73.893323,40.817878,,traffic_signals
42753435,-73.892278,40.818894,,traffic_signals
42756249,-73.893895,40.81986,,
42765717,-73.894121,40.8183524,,
42766975,-73.893067,40.819364,,
