osmid,x,y,ref,highway
42495269,-73.97355,40.617546,,
42495272,-73.973358,40.616541,,
42498723,-73.9719667,40.6196746,,
42498724,-73.971864,40.61915,,
42498725,-73.971412,40.616757,,traffic_signals
42501997,-73.9744426,40.6164233,,
42508803,-73.9695649,40.6193983,,traffic_signals
42516910,-73.9725694,40.6179505,,
42516913,-73.972337,40.616654,,
42530921,-73.971088,40.620019,,
42530923,-73.970936,40.619249,,
42530928,-73.9704915,40.6168675,,traffic_signals
2282435296,-73.9698366,40.6193689,,
