osmid,x,y,ref,highway
42815354,-73.8654989,40.7359926,,
42815682,-73.859731,40.737711,,
42838766,-73.865159,40.735325,,traffic_signals
42838987,-73.859387,40.737043,,traffic_signals
42843041,-73.8614236,40.7379511,,
42858317,-73.8590479,40.736376,,
42858334,-73.864815,40.73466,,
42858972,-73.86583,40.736643,,traffic_signals
42858980,-73.8646209,40.7342826,,traffic_signals
3451511635,-73.8622889,40.737682,,traffic_signals
