osmid,x,y,ref,highway
102575241,-76.3987952,39.0013359,,
297086193,-76.3914911,38.9965999,,
297086535,-76.3919803,38.9954325,,
