osmid,x,y,ref,highway
42735913,-73.878577,40.82603,,
42749555,-73.880427,40.82578,,
42749557,-73.879501,40.825905,,
42749561,-73.877655,40.826151,,
42749563,-73.876725,40.826278,,
42749565,-73.875802,40.826402,,
