osmid,x,y,ref,highway
42472022,-74.007625,40.604768,,
42472024,-74.008995,40.60345,,
42472026,-74.010017,40.60247,,
42472028,-74.010868,40.601657,,
42478681,-74.006781,40.602291,,
42478686,-74.008714,40.600357,,
42480353,-74.010129,40.601218,,
42480356,-74.009407,40.600777,,
42493702,-74.00978,40.603861,,traffic_signals
42493709,-74.008244,40.603056,,
42493715,-74.007459,40.602645,,traffic_signals
42512380,-74.006172,40.603887,,traffic_signals
42522541,-74.00691,40.604338,,
