osmid,x,y,ref,highway
212572344,-75.51807,42.897437,,
212572351,-75.516193,42.897956,,
212572362,-75.51227,42.89908,,
212666877,-75.518533,42.901264,,
