osmid,x,y,ref,highway
42731033,-73.9117484,40.8617552,,traffic_signals
42749265,-73.915241,40.860059,,
42776140,-73.9119073,40.8608096,,
595749116,-73.9160874,40.8591502,9,motorway_junction
595750842,-73.9173896,40.8569268,,
1396352602,-73.9108015,40.8616499,,
1764746685,-73.9133522,40.862133,,
1764747381,-73.9130298,40.8618728,,traffic_signals
1764747387,-73.9132299,40.8620043,,
1764747390,-73.9132137,40.8617328,,
1764747393,-73.9125191,40.8617825,,traffic_signals
