osmid,x,y,ref,highway
42816181,-73.8547864,40.7546819,,
42817971,-73.854793,40.749563,,
42817975,-73.851569,40.750516,,
42858089,-73.855479,40.750891,,
42858093,-73.855139,40.750226,,
42858101,-73.8544753,40.7489506,,
42868568,-73.8534723,40.7541717,,
42868570,-73.8530492,40.7533822,,
42868580,-73.852263,40.751848,,
42868582,-73.851916,40.751182,,
42868584,-73.851314,40.749985,,
106599704,-73.8527964,40.7539167,,
