osmid,x,y,ref,highway
212634437,-77.943944,43.212997,,
212688360,-77.9573021,43.2094438,,
212707823,-77.947815,43.214229,,
212801679,-77.947317,43.213288,,
212801735,-77.968454,43.2129696,,
212808158,-77.9455192,43.2109844,,
212808163,-77.9455032,43.2100314,,
212849903,-77.9428542,43.2119004,,
212969230,-77.9583027,43.2019565,,
212976352,-77.9552437,43.2123938,,
2702188129,-77.9721571,43.1995356,,
2702188167,-77.9670449,43.2074591,,
3617309726,-77.954954,43.2128717,,
