osmid,x,y,ref,highway
42736682,-73.890546,40.868806,,
42736685,-73.889805,40.868368,,
42736688,-73.88906,40.867929,,
42736713,-73.88974,40.867235,,
42752592,-73.891814,40.867424,,
42752593,-73.891109,40.867032,,
42752596,-73.89036,40.866613,,
42755701,-73.888314,40.868547,,
42763068,-73.89276,40.865021,,
42763072,-73.892132,40.864633,,
42772891,-73.891278,40.868016,,
42778873,-73.889128,40.869063,,
2024871172,-73.8931778,40.8654863,,
