osmid,x,y,ref,highway
42864806,-73.857482,40.678172,,
42864808,-73.856871,40.676455,,
42886854,-73.852726,40.676917,,
42891439,-73.853213,40.675445,,
42891444,-73.852482,40.675287,,
42897997,-73.852466,40.675584,,
42901114,-73.852602,40.676262,,
42905733,-73.852985,40.678266,,
42921103,-73.852851,40.677564,,
