osmid,x,y,ref,highway
42421800,-73.9703286,40.7839788,,traffic_signals
42421803,-73.9731396,40.7851655,,traffic_signals
42421806,-73.9759753,40.7863627,,traffic_signals
42424851,-73.9698592,40.7846108,,traffic_signals
42435308,-73.9707906,40.7833496,,traffic_signals
42437300,-73.9735994,40.7845351,,traffic_signals
42437305,-73.9764355,40.7857321,,traffic_signals
42442475,-73.9755091,40.7870013,,traffic_signals
42443349,-73.9726737,40.7858043,,traffic_signals
