osmid,x,y,ref,highway
42436283,-73.92708,40.851432,,
42436285,-73.9281419,40.8518592,,traffic_signals
42438186,-73.9300043,40.8493104,,traffic_signals
42442741,-73.9304556,40.8486927,,traffic_signals
42442745,-73.9295801,40.8498909,,
42442750,-73.9291376,40.8504965,,traffic_signals
42442755,-73.9286408,40.8511764,,traffic_signals
42445672,-73.927477,40.850694,,
