osmid,x,y,ref,highway
49299353,-77.0987365,38.9780759,,traffic_signals
1324521394,-77.0987383,38.9779567,,traffic_signals
