osmid,x,y,ref,highway
42485017,-73.9271121,40.6881663,,
42485022,-73.9269653,40.6874382,,
42485027,-73.9268171,40.6867026,,
42486667,-73.929888,40.6871,,
42486677,-73.923689,40.687811,,
42489066,-73.9297498,40.6863652,,
42493907,-73.9238344,40.6885429,,
42493909,-73.923396,40.686345,,
