osmid,x,y,ref,highway
42735877,-73.909463,40.843779,,
42735878,-73.9093781,40.8448443,,
42735931,-73.910367,40.843824,,
42735934,-73.9102744,40.8448888,,
2408350736,-73.9113909,40.8443262,,
2408350738,-73.9115356,40.8438905,,
2408354081,-73.9117445,40.8431905,,
2408354100,-73.909558,40.8430611,,
