osmid,x,y,ref,highway
103014168,-77.7247114,39.5624583,,
103014333,-77.7180294,39.5599447,,
103018170,-77.724058,39.564492,,
103019519,-77.710083,39.555389,,
103027636,-77.716401,39.550214,,
103028352,-77.7083819,39.5617955,,
1102422596,-77.7182812,39.5633484,,
3603803550,-77.7086705,39.5618677,,
