osmid,x,y,ref,highway
254173731,-73.856378,40.906487,10C,motorway_junction
254217292,-73.854835,40.910848,,
254229428,-73.853383,40.913504,,
254229429,-73.8524642,40.9130988,,
254229973,-73.857744,40.906497,,
254234656,-73.852353,40.914593,,
254234657,-73.851224,40.914068,,
254570262,-73.854985,40.912049,,
254658072,-73.851982,40.913662,,
254689443,-73.8543526,40.910496,,
254780170,-73.856571,40.907756,,
3103051135,-73.8521978,40.9116058,10A,motorway_junction
