osmid,x,y,ref,highway
42434226,-73.981211,40.725073,,traffic_signals
42434233,-73.9788469,40.7240764,,traffic_signals
42434237,-73.976477,40.723078,,
42444835,-73.976893,40.722498,,traffic_signals
42449027,-73.980333,40.726281,,traffic_signals
42449038,-73.975598,40.724283,,
42455181,-73.9784069,40.7246931,,traffic_signals
42455412,-73.97603,40.723689,,traffic_signals
2324482224,-73.980768,40.725685,,traffic_signals
