osmid,x,y,ref,highway
42434175,-73.9475874,40.7835679,,traffic_signals
42434179,-73.9452196,40.7825675,,traffic_signals
42443052,-73.9480373,40.7829443,,traffic_signals
42444506,-73.94567,40.781947,,traffic_signals
4779073679,-73.9447671,40.7832021,,traffic_signals
