osmid,x,y,ref,highway
42484776,-73.96302,40.651532,,traffic_signals
42484782,-73.9613939,40.6521694,,traffic_signals
42484786,-73.960423,40.652556,,traffic_signals
42491697,-73.959151,40.652145,,traffic_signals
42497353,-73.9610087,40.650085,,traffic_signals
42512738,-73.9612029,40.6509699,,
42516824,-73.962645,40.650701,,
