osmid,x,y,ref,highway
42485279,-73.9686564,40.621942,,
42485282,-73.9682044,40.61955,,traffic_signals
42517178,-73.966189,40.619773,,traffic_signals
42532842,-73.967119,40.61967,,traffic_signals
42533122,-73.9666641,40.6172787,,traffic_signals
2282435294,-73.9688396,40.6170418,,
2282435298,-73.9692826,40.6194319,,
2282435300,-73.9697308,40.6218262,,
