osmid,x,y,ref,highway
42817402,-73.9296584,40.7607889,,
42818542,-73.9305792,40.7612187,,traffic_signals
42818549,-73.9319495,40.7597355,,
42824096,-73.933981,40.762826,,traffic_signals
42824101,-73.93158,40.761706,,
42825865,-73.935396,40.761344,,traffic_signals
42861179,-73.9329043,40.7601811,,
42861185,-73.9342599,40.7587025,,
