osmid,x,y,ref,highway
42471852,-73.952925,40.697204,,
42471855,-73.949647,40.697583,,
42481534,-73.952489,40.695004,,traffic_signals
42482215,-73.950091,40.699791,,
42482220,-73.949788,40.69831,,
42482222,-73.9495,40.696847,,
42482223,-73.949356,40.696121,,
42482227,-73.949207,40.695378,,traffic_signals
