osmid,x,y,ref,highway
42434166,-73.9546622,40.7865436,,traffic_signals
42444487,-73.9551138,40.7859253,,traffic_signals
42446070,-73.9560335,40.7846666,,traffic_signals
42446072,-73.9555649,40.7853035,,traffic_signals
596776144,-73.9540727,40.784671,,traffic_signals
596776167,-73.9531708,40.7859102,,traffic_signals
596776173,-73.9536184,40.7852953,,traffic_signals
596776177,-73.9545364,40.7840339,,traffic_signals
