osmid,x,y,ref,highway
42473272,-73.9326643,40.68603,,
42473278,-73.9325181,40.6852984,,
42473286,-73.9323716,40.6845648,,
42473289,-73.9322312,40.68384,,
42499500,-73.9295926,40.6856359,,
42499504,-73.9293198,40.6841778,,traffic_signals
