osmid,x,y,ref,highway
42471859,-73.946797,40.697903,,
42471867,-73.944956,40.698108,,
42471870,-73.9439584,40.6982209,,traffic_signals
42514351,-73.9463541,40.6957156,,
