osmid,x,y,ref,highway
42719913,-73.865746,40.821012,,traffic_signals
42719915,-73.8647344,40.8209096,,
42719916,-73.863883,40.82127,,
42719920,-73.86298,40.821384,,traffic_signals
42719924,-73.862029,40.821509,,
42738876,-73.863705,40.819083,,traffic_signals
42738880,-73.864511,40.819847,,
42743591,-73.864314,40.818999,,
42759192,-73.862464,40.819247,,
42759195,-73.861531,40.819379,,
